IP,Certificate SHA1,Last Observed Domain
194.87.102.6,33e19142206a4c790d32ce6e62955458d3dcf366,rurururiow2.com
194.87.234.99,33e19142206a4c790d32ce6e62955458d3dcf366,qerqerqw4.com
195.2.252.152,33e19142206a4c790d32ce6e62955458d3dcf366,aweqewr5.com
195.133.144.138,33e19142206a4c790d32ce6e62955458d3dcf366,zxcvzxv2.com
66.66.66.66,89fe429e140e89f64308755f4f28435a20c60f0b,magikgathering.com
37.59.158.241,5bd956ff4a41f096694e945ae7b53f3700bc6185,itsatrap.com
195.24.142.152,6278333db177b62a3a73b82b92c31a810722ca00,nocalamari.com
138.186.22.2,81f3ef4e209dbcd2cb25c224b2c43209eb1b55ed,lkjlkljk3.com
212.24.109.100,997e9dc24c88a404e54886bfe1b386e6e85bcdaa,tatooinecruisers.com
66.66.66.23,89fe429e140e89f64308755f4f28435a20c60f0b,moseisleycafe.com
212.24.110.190,2c43d96e87792ea9efe0a4b9991b8d20ad3238c9,sorcerersdillema.com
130.0.30.71,e10cccf66eced9b45c4b8e132c54b8d419d34dd1,forcesensitivetest.com
53.23.11.32,133c8e83101093989bca70160ea35e6079e12179,toschespeederrepair.com
85.25.3.13,caa2c5d1b7ac72c3a351f3e4477ea4459d954c1b,jasperstradeemporium.com
212.24.110.51,2413a8106450a6767a64fafe2d5f65835f409c54,stiltsforstormtroopers.com
36.66.209.21,f5ed7a84d03c1c9168bcbae05cdf01962c495371,jedibanners.com
22.08.10.08,b8f0a3903792b90b0afee592e9d1bd6f51fd86c0,hoverrepairs.com
89.231.13.18,d37fc1599e986288d3c25e9e94fa215c523e3f1b,twileksports.com
177.231.253.158,3fb62653de11c982d3a1b098d11b2394b5c182b1,aspirational.com
163.53.183.211,bce47801704941f0d07590d0c51112e43034a5f5,asdfasdfa2.com
88.88.88.88,74b31cde9e6dcb3d124740238b834ea411235b73,jedisurplus.com
89.231.13.33,74bb342e9e6dcb3d12474023d9934ea411235b73,parsecsandpaltry.com
212.24.109.200,cd5c3d03644048bc58f377cfc6afeccda0efe0c1,hutt.com
96.9.69.131,7c96a959d3cb86ac3025aa4ab3e84ac87d2af16f,Corelliagovernment.com
200.116.206.58,122cfc3181ead010b62bc2870bcb0666acc93fd6,universeshuttles.com
89.231.13.27,3ae6f60da16b99c5807fe93e4729ad7c2f4ffab3,sullustgovernment.com
36.66.209.21,3ae6f60da16b99c5807fe93e4729ad7c2f4ffab3,sullusttravel.com
163.53.183.211,3ae6f60da16b99c5807fe93e4729ad7c2f4ffab3,sullustbank.com
87.43.23.55,122cfc3181ead010b62bc2870bcb0666acc93fd6,pearlsandponder.com
85.25.3.13,3ae6f60da16b99c5807fe93e4729ad7c2f4ffab3,womprats.com
200.116.206.58,3ae6f60da16b99c5807fe93e4729ad7c2f4ffab3,speederupgrades.com
195.2.252.152,122cfc3181ead010b62bc2870bcb0666acc93fd6,Twilekescortscom
130.0.30.71,122cfc3181ead010b62bc2870bcb0666acc93fd6,Ugorfashion.com
94.42.91.27,f3772f133fdd1864681863271f1169c2c8731fa6,mandalorianarmor.com
195.62.53.213,f3772f133fdd1864681863271f1169c2c8731fa6,
64.34.12.04,854e78950f40f789f960473e87aa057599fcd47c,varlsupplies.com
195.2.252.178,f3772f133fdd1864681863271f1169c2c8731fa6,
195.2.252.252,122cfc3181ead010b62bc2870bcb0666acc93fd6,Belavistalfashion.com
96.9.69.131,f3772f133fdd1864681863271f1169c2c8731fa6,happenstance.com
217.15.133.24,fef574fb71a8bfe4459f375a0faa266d0a69a2fe,
24.184.45.189,e6677afd07576b8c4b01e0130862f0e49195933e,
242.54.247.28,c195569e3d5818524718dac5ab42fe0559d89646,
7.235.171.251,e3fdffbb9bcc69f63c682498d8f4c811d9d55942,
74.86.9.19,323e86d02e23416973e6d5d11f989e77ee1b18d3,
81.131.111.194,832e5c0f011705d840c859eae18a152f36e69af0,
3.34.240.219,84b4f3c97781398069b1a89b9bc842559f752555,
202.180.192.215,57007d4ee788c6b65664a1f693e71280fd90fdd5,
123.131.27.174,8e6da5b784aee2ddeb68092b5c0addbcd8dce104,
1.11.128.235,a0147853016de04847be23367d91c4d4f0e12208,
87.43.23.54,,
3.34.240.219,,blacksunsvarljournies.com
